Subtheme,YearRange5,Count
"Organizational Justice, Ethics, and Legal Issues",1980-1984,5
"Organizational Justice, Ethics, and Legal Issues",1985-1989,38
"Organizational Justice, Ethics, and Legal Issues",1990-1994,48
"Organizational Justice, Ethics, and Legal Issues",1995-1999,49
"Organizational Justice, Ethics, and Legal Issues",2000-2004,53
"Organizational Justice, Ethics, and Legal Issues",2005-2009,39
"Organizational Justice, Ethics, and Legal Issues",2010-2014,30
"Organizational Justice, Ethics, and Legal Issues",2015-2019,37
"Organizational Justice, Ethics, and Legal Issues",2020-2024,29
Social Justice & Labor Opinions,1980-1984,2
Social Justice & Labor Opinions,1985-1989,7
Social Justice & Labor Opinions,1990-1994,4
Social Justice & Labor Opinions,1995-1999,2
Social Justice & Labor Opinions,2000-2004,5
Social Justice & Labor Opinions,2005-2009,5
Work and Employment Transitions across the Lifespan,1980-1984,5
Work and Employment Transitions across the Lifespan,1985-1989,14
Work and Employment Transitions across the Lifespan,1990-1994,17
Work and Employment Transitions across the Lifespan,1995-1999,7
Work and Employment Transitions across the Lifespan,2000-2004,6
Work and Employment Transitions across the Lifespan,2005-2009,8
Work and Employment Transitions across the Lifespan,2010-2014,4
Work and Employment Transitions across the Lifespan,2015-2019,10
Work and Employment Transitions across the Lifespan,2020-2024,19
"Workplace Diversity, Equity, and Inclusion",1980-1984,9
"Workplace Diversity, Equity, and Inclusion",1985-1989,26
"Workplace Diversity, Equity, and Inclusion",1990-1994,20
"Workplace Diversity, Equity, and Inclusion",1995-1999,29
"Workplace Diversity, Equity, and Inclusion",2000-2004,33
"Workplace Diversity, Equity, and Inclusion",2005-2009,51
"Workplace Diversity, Equity, and Inclusion",2010-2014,20
"Workplace Diversity, Equity, and Inclusion",2015-2019,41
"Workplace Diversity, Equity, and Inclusion",2020-2024,47
"Workplace Stress, Health, and Well-Being",1980-1984,6
"Workplace Stress, Health, and Well-Being",1985-1989,32
"Workplace Stress, Health, and Well-Being",1990-1994,20
"Workplace Stress, Health, and Well-Being",1995-1999,27
"Workplace Stress, Health, and Well-Being",2000-2004,54
"Workplace Stress, Health, and Well-Being",2005-2009,83
"Workplace Stress, Health, and Well-Being",2010-2014,78
"Workplace Stress, Health, and Well-Being",2015-2019,89
"Workplace Stress, Health, and Well-Being",2020-2024,150
